{
  "original_features": {
    "feature_dim": 4096,
    "test_accuracy": 0.916893720626831
  },
  "reduced_features": {
    "svd": {
      "feature_dim": 50,
      "test_accuracy": 0.9073569774627686
    },
    "umap": {
      "feature_dim": 50,
      "test_accuracy": 0.8378746509552002
    },
    "autoencoder": {
      "feature_dim": 50,
      "test_accuracy": 0.8841961622238159
    }
  },
  "summary": {
    "original_accuracy": 0.916893720626831,
    "best_reduced_method": "svd",
    "best_reduced_accuracy": 0.9073569774627686,
    "accuracy_improvement": -0.0095367431640625
  }
}
