{
  "dataset_size": 20497,
  "num_short": 10463,
  "num_long": 10034,
  "short_avg_length": 6.391474720443467,
  "long_avg_length": 493.00209288419376
}
