{
  "representation": "TF-IDF",
  "pipelines": [
    {
      "pipeline_id": 1,
      "dim_reduction": "svd",
      "clustering": "kmeans",
      "n_components": 50,
      "cluster_distribution": {
        "cluster_0": 19911,
        "cluster_1": 586
      },
      "metrics": {
        "homogeneity": 0.03010476594633528,
        "completeness": 0.16070648378577937,
        "v_measure": 0.05071012413808581,
        "ari": 0.005708453889781343,
        "ami": 0.05065378018620265
      }
    },
    {
      "pipeline_id": 2,
      "dim_reduction": "svd",
      "clustering": "agglomerative",
      "n_components": 50,
      "cluster_distribution": {
        "cluster_0": 19958,
        "cluster_1": 539
      },
      "metrics": {
        "homogeneity": 0.027642194510328847,
        "completeness": 0.1574872930763754,
        "v_measure": 0.04702972438232992,
        "ari": 0.005009430461936662,
        "ami": 0.046972589544860686
      }
    }
  ]
}
